Country Name,Year,GDP,Inflation,Unemployment,LifeExp,Education
Africa Eastern and Southern,2019,2.03007686221603,4.10285075461156,7.45910636823544,63.8572612837043,8.67273044586182
Africa Western and Central,2019,3.28168276850104,1.98309228487232,4.39076373818366,57.149956341607,9.73875999450684
Albania,2019,2.06257790176122,1.41109078954242,11.466,79.467,61.4085141527142
United Arab Emirates,2019,1.27134240761141,-1.93108114782172,2.331,82.596,53.8814655213653
Argentina,2019,-2.00086100285785,53.5483043492339,9.843,76.847,95.1928240640628
Armenia,2019,7.59999999853918,1.44344660770698,18.304,76.2219512195122,53.5944174785534
Australia,2019,2.19401703622717,1.610770929127,5.143,82.9,109.759559631348
Austria,2019,1.75497619649288,1.53089564152643,4.56,81.8951219512195,86.3234329223633
Azerbaijan,2019,2.47980879185565,2.61057182799215,5.0,73.29,32.9221812477847
Belgium,2019,2.4428900448156,1.43681956996438,5.364,81.9951219512195,79.3044815063477
Benin,2019,6.86568662848335,0.732849371241066,1.214,59.888,10.3906803131103
Burkina Faso,2019,5.88920497068135,-3.23338933983321,4.493,60.184,6.90532594926159
Bangladesh,2019,7.88191515117722,5.59199639930629,4.504,72.625,22.7094642473405
Bulgaria,2019,3.79331765354152,3.10372944796771,4.148,75.1121951219512,84.7503128051758
Bahrain,2019,2.05287774418655,1.00582004702136,1.217,80.471,52.9045782700327
Bosnia and Herzegovina,2019,2.88585242083978,0.56278215406123,15.692,77.394,46.6677894592285
Belarus,2019,1.44645548204305,5.59815595039853,4.165,74.2268292682927,81.2921953254514
Belize,2019,4.25658710030072,0.187069385181424,9.053,72.577,25.138736158351
Brazil,2019,1.22077782271943,3.73297621216893,11.936,75.809,53.6215400695801
Barbados,2019,0.227712137486577,1.67662473276987,8.41,76.495,48.935497470489
Brunei Darussalam,2019,3.86884436177075,-0.390522069165529,6.6,75.049,27.7715019255456
Bhutan,2019,5.75514851246506,2.72643037388832,2.72,72.005,15.9420291550317
Botswana,2019,3.0317733945467,2.7728644286332,20.094,67.167,21.4965480211896
Canada,2019,1.90843194590616,1.94926902411592,5.69,82.1585365853659,73.1128768920898
Switzerland,2019,1.14198218965691,0.362886179940674,4.394,83.9048780487805,66.3093414306641
Chile,2019,0.634367533828438,2.55754475703326,7.493,80.324,92.0659713745117
China,2019,6.06850235053705,2.89923416358226,4.56,77.94,56.6050917923292
Cote d'Ivoire,2019,6.72137167584978,0.79085551205366,2.401,60.274,10.3256981639741
Cameroon,2019,3.47505998194981,2.45280214062732,3.632,61.695,15.0528614131463
Colombia,2019,3.18685539245533,3.52301932741446,10.28,76.793,56.6663017272949
Costa Rica,2019,2.41751181762513,2.09604635327807,10.807,80.296,55.0202903747559
Cyprus,2019,5.87559583386607,0.250370996758493,7.155,81.454,93.9260711669922
Czechia,2019,3.56577658128261,2.84787595918041,2.015,79.2292682926829,66.8802185058594
Germany,2019,0.977734697038784,1.44565976888253,3.163,81.2926829268293,72.705078125
Denmark,2019,1.71140093932736,0.75813157251162,5.018,81.4512195121951,81.6945877075195
Algeria,2019,0.899999999219148,1.95176821052891,12.302,75.682,53.8645018203122
Ecuador,2019,0.1654044646003,0.266012515466155,3.812,77.286,47.2627814012203
"Egypt, Arab Rep.",2019,5.55209307156956,9.15279959324803,7.851,71.213,33.622825887244
Spain,2019,1.96117850841711,0.699518994458738,14.104,83.8317073170732,91.5387725830078
Estonia,2019,3.72664943466884,2.27725931243522,4.514,78.6463414634147,72.7060317993164
Finland,2019,1.34973845741737,1.0240939296343,6.695,81.9829268292683,94.5891189575195
Fiji,2019,-0.581946709343867,1.79388647514555,4.661,67.009,77.5562006170027
France,2019,2.02744646419237,1.10825492288293,8.415,82.8268292682927,67.7331314086914
United Kingdom,2019,1.25629899760824,1.73810460086513,3.657,81.3691219512195,65.5119934082031
Georgia,2019,5.38071926589951,4.85289821696723,11.565,74.165,69.6463934713126
Ghana,2019,6.5077747939152,7.14364003330857,3.067,64.455,17.3607250095097
Greece,2019,2.27718065334808,0.253007522038059,17.045,81.6390243902439,143.96272277832
Guatemala,2019,4.01789785040324,3.69998398008605,2.193,71.639,22.559501429793
"Hong Kong SAR, China",2019,-1.6724459934221,2.88320853773996,2.917,85.1558536585366,83.8542119335773
Honduras,2019,2.55963434592314,4.36587159819267,5.698,72.124,25.3231382609304
Croatia,2019,3.10152683894853,0.771820346498019,6.551,78.2243902439024,74.0501174926758
Hungary,2019,5.07718495088933,3.33858635382008,3.411,76.3195121951219,54.2122917175293
Indonesia,2019,5.01928768046282,3.03058460941661,3.59,70.349,37.3230862728703
India,2019,3.87143694070356,3.72950573539129,6.51,70.746,29.0233593907143
Ireland,2019,4.97288003766816,0.937842961189274,4.95,82.7024390243903,74.444580078125
"Iran, Islamic Rep.",2019,-2.36143538770575,39.9073455697784,10.74,76.855,58.1169509887695
Iceland,2019,1.13821230465001,3.01397179156053,3.507,83.1634146341463,70.6093521118164
Israel,2019,3.71049632750405,0.817645940292794,3.731,82.8048780487805,57.4564514160156
Italy,2019,0.429162533780342,0.611246943765304,9.884,83.4975609756098,65.6895065307617
Jordan,2019,1.75124077866225,0.761514047265601,16.801,76.865,30.1108403894558
Japan,2019,-0.402169200894946,0.46877615938395,2.351,84.3563414634146,62.4008407592773
Kazakhstan,2019,4.50000000091883,5.33356098916669,4.8,73.658,57.3421123781351
Kenya,2019,5.11415885767801,5.23963795764792,5.014,62.939,10.4975595474243
Kyrgyz Republic,2019,4.60062565707598,1.13362257718804,5.45,71.6,40.8257000638543
Cambodia,2019,7.93695013588524,1.94257500833107,0.119,70.127,12.9409846754696
"Korea, Rep.",2019,2.31380210595475,0.383000303608136,3.746,83.2268292682927,93.9989166259766
Kuwait,2019,2.26381706595791,1.09184802655856,2.213,81.969756097561,50.4400595299189
Lao PDR,2019,5.4577350924848,3.32255881256925,2.531,67.911,13.7404020217342
Lebanon,2019,-6.91492472851026,3.00538949390383,11.301,78.208,50.1483937104215
St. Lucia,2019,-0.700322396299441,0.539087559191757,15.613,72.249,15.9467096328735
Sri Lanka,2019,-0.220483886831275,3.52839358231811,4.67,76.698,19.4563160693078
Lithuania,2019,4.67735183530451,2.33450937988027,6.255,76.2829268292683,75.0942306518555
Luxembourg,2019,2.74931929072659,1.74332075653848,5.592,82.6390243902439,19.3969497680664
Latvia,2019,0.675372771884227,2.81140920075624,6.312,75.3878048780488,94.8645324707031
"Macao SAR, China",2019,-2.4609094006739,2.75193081051975,1.73,83.9292682926829,80.0911214953271
Morocco,2019,2.89097476137077,0.303386036590383,9.191,74.245,37.7212021382481
Moldova,2019,3.5523140853476,4.83778351428728,1.502,70.181,54.7812048030675
Madagascar,2019,4.41123212909589,5.61051441492365,2.479,63.504,5.28586006164551
Maldives,2019,6.92305989050099,0.220029731065383,4.562,79.707,24.6480059688561
Mexico,2019,-0.392690505066824,3.63596142127046,3.477,74.53,43.0441398620605
North Macedonia,2019,3.91041953840173,0.766439573459805,17.414,76.6024390243903,43.1991004943848
Malta,2019,4.08505582134097,1.6420600176894,4.08,82.6585365853659,58.4985084533691
Montenegro,2019,4.39391565821528,0.361563704540767,15.128,76.6829268292683,56.2633209228516
Mongolia,2019,5.60224422064255,7.30106953550729,9.024,71.0531707317073,67.970817565918
Mauritania,2019,3.14100489306969,2.30009262117937,10.416,67.64,5.88823986461851
Mauritius,2019,2.89128499346516,0.405655190309553,6.331,74.2358536585366,42.9878710798151
Malaysia,2019,4.41318742129586,0.662891865764326,3.33,75.9,40.8082966813944
Namibia,2019,-0.839152163419357,3.72239414422695,19.929,63.546,25.8966511201824
Niger,2019,5.93985257123522,-2.48979265070855,0.531,60.031,4.15170730347346
Norway,2019,1.12374694968757,2.16773003305411,3.684,82.9585365853659,85.7633819580078
Nepal,2019,6.65705543110467,5.56616035243723,10.477,69.299,13.8072821953912
New Zealand,2019,2.31747144034802,1.61963190184048,4.109,82.0560975609756,77.5843734741211
Oman,2019,-1.12863801728058,0.490815362820671,2.045,79.946,45.1723183863131
Pakistan,2019,2.49763692943365,10.5780305672025,4.83,66.729,11.103638528678
Philippines,2019,6.11852566221303,2.39206534422404,2.237,69.68,30.0548680110365
Poland,2019,4.58045817256199,2.22747880938291,3.267,77.9048780487805,70.9065017700195
Portugal,2019,2.74568432648596,0.338178410046034,6.422,81.6756097560976,66.0920562744141
West Bank and Gaza,2019,1.36268746558062,1.58018333639455,25.34,75.811,45.6330464687168
Qatar,2019,0.688255893930972,-0.666641124861147,0.1,82.945,21.0931416049405
Romania,2019,3.96028958497598,3.82785432599438,3.912,75.6073170731707,52.4439697265625
Russian Federation,2019,2.19807571335009,4.47202631837903,4.513,73.0839024390244,80.9520697471091
Rwanda,2019,9.44738518613097,3.34787655037648,11.236,66.691,6.3142892660234
Saudi Arabia,2019,1.65158925617395,-1.19298644533328,5.636,78.313,77.9664942011008
Senegal,2019,4.61362809749708,1.76011151192939,2.863,67.668,12.60825139125
Singapore,2019,1.30804118153127,0.567829988405447,3.1,83.5951219512195,91.0889904414776
El Salvador,2019,2.43747159065784,0.0753241350024612,4.17,71.725,28.5178063545936
Serbia,2019,4.75020793899014,1.84922984511086,10.395,75.9365853658537,67.7898406982422
Slovak Republic,2019,2.27589910019393,2.66456133425431,5.761,77.6658536585366,48.1902389526367
Slovenia,2019,3.50525332381912,1.63052260754344,4.446,81.5292682926829,76.4720077514648
Sweden,2019,2.60823012869524,1.78415097403835,6.833,83.109756097561,75.1148529052734
Togo,2019,4.92283321360694,0.674652770077525,2.036,61.061,13.1551472123617
Thailand,2019,2.11455779628278,0.706728601314311,0.716,77.197,44.9880040072053
Tunisia,2019,1.55009304966742,6.72007532863799,17.153,75.599,31.4410896301269
Turkiye,2019,1.30162365464503,15.1768215720022,13.73,77.737,117.005470275879
Tanzania,2019,5.79999999996723,3.46428057999021,1.735,66.007,2.85588898826608
Ukraine,2019,3.19950386354134,7.88671745611133,8.194,73.92,84.48135621115
Uruguay,2019,0.928351141267498,7.88198870879619,8.836,77.503,61.9644279466795
United States,2019,2.58382533412825,1.81221007526021,3.669,78.7878048780488,87.8887100219727
Uzbekistan,2019,6.77992399655236,14.5257359560687,4.936,72.093,13.0316667432446
St. Vincent and the Grenadines,2019,0.668428481084234,0.91306972532459,19.248,70.994,29.6853960093035
Viet Nam,2019,7.35926270105006,2.7958236745225,1.681,74.211,30.2241191864014
Samoa,2019,4.45185891688691,0.982326569888117,7.858,70.269,13.5792119039657
South Africa,2019,0.25993557687633,4.10285075461156,28.468,66.071,22.2442465104023
Africa Eastern and Southern,2020,-2.81757208724623,5.19162942092851,7.97430164130982,63.7664840026943,8.71187019348145
Afghanistan,2020,-2.35110067203466,5.60188791482224,11.71,61.454,10.85435962677
Africa Western and Central,2020,-3.73062984236253,2.49037783931949,4.79531801163781,57.364735967395,9.93537998199463
Albania,2020,-3.31375636888916,1.6208866171702,11.639,77.824,61.5853024328899
United Arab Emirates,2020,-8.69342617885171,-2.07940317940943,4.294,81.936,54.9746998074699
Argentina,2020,-9.9004848136464,42.0150947376509,11.461,75.878,99.3697348717996
Armenia,2020,-7.19999999920631,1.21143577838464,18.175,73.3756097560976,52.3331534448642
Australia,2020,-0.133531904304775,0.846900734607273,6.394,83.2,110.139221191406
Austria,2020,-6.31825509209936,1.38191063351853,5.201,81.1926829268293,88.7071990966797
Azerbaijan,2020,-4.19896065333343,2.75980947008127,7.24,70.312,36.3854742250215
Belgium,2020,-4.7929839083518,0.740791812220343,5.545,80.6951219512195,79.4996032714844
Benin,2020,3.84879240030133,3.02272119663759,1.518,60.154,10.3808002471924
Burkina Faso,2020,2.01077262406221,1.88470066518847,4.59,60.454,7.64277062242324
Bangladesh,2020,3.44801755122445,5.69107474746211,5.539,71.421,22.6923019564501
Bulgaria,2020,-3.13323303076419,1.67244096855756,5.037,73.3560975609756,85.5331115722656
Bahrain,2020,-5.9113629524152,-2.31770629331378,1.765,78.683,54.4077922369055
Bosnia and Herzegovina,2020,-3.01509335460439,-1.05129600763489,15.868,76.04,43.8039207458496
Belarus,2020,-0.672742918585868,5.5481435745651,4.049,72.1385609756098,79.900160036935
Belize,2020,-13.5228997055506,0.121434644614893,10.763,71.58,25.9421694120047
Brazil,2020,-3.27675879612903,3.21176803803376,13.697,74.506,55.529109954834
Brunei Darussalam,2020,1.1335733495246,1.94031996607183,7.409,75.114,27.4692556634304
Bhutan,2020,-10.2183974208569,5.62936522632507,5.03,72.253,16.8650740250552
Botswana,2020,-8.72888243996397,1.8903591682421,21.017,67.643,22.4017870513653
Canada,2020,-5.03823343468899,0.716999632307827,9.657,81.53,75.2389068603516
Switzerland,2020,-2.14173712008038,-0.725874933313402,4.817,83.0,68.0676422119141
Chile,2020,-6.14347479224092,3.04549084804326,10.934,79.349,89.1124877929688
China,2020,2.34018843078414,2.41942189457782,5.0,78.019,61.6124675996947
Cote d'Ivoire,2020,0.699728593494228,2.41252617189052,2.588,60.14,10.2664091345849
Cameroon,2020,0.259932915907115,2.43760882182236,3.881,61.674,15.5519566247682
Colombia,2020,-7.18591413760859,2.52663500084706,15.983,74.757,55.7331085205078
Cyprus,2020,-3.22063018637567,-0.638422797978958,7.755,81.23,102.390762329102
Czechia,2020,-5.30487955463876,3.1612952849781,2.55,78.2268292682927,67.1843719482422
Germany,2020,-4.13191443239947,0.144877925813981,3.881,81.0414634146342,72.3894195556641
Denmark,2020,-1.78010601831291,0.420711974110024,5.644,81.6024390243903,82.6643295288086
Dominican Republic,2020,-7.92905234231061,3.78103179915516,6.126,72.636,58.7264105314523
Algeria,2020,-4.99999999908597,2.41513094083413,14.08,73.257,53.3752192208988
Ecuador,2020,-9.24509619165865,-0.338872392562139,6.116,72.004,56.9066311483682
"Egypt, Arab Rep.",2020,3.55016483786838,5.04493288977538,7.974,69.79,38.773998260498
Spain,2020,-10.9400706350371,-0.322753017299739,15.532,82.2317073170732,91.59912109375
Estonia,2020,-2.88380751483778,-0.444531097679829,6.956,78.5951219512195,72.0443572998047
Finland,2020,-2.49103605535707,0.290554555653239,7.759,81.9317073170732,96.4726333618164
Fiji,2020,-17.1835352599354,-1.70014167847317,5.054,66.924,83.7613654490349
France,2020,-7.44064589948231,0.476498852725065,8.009,82.1756097560976,68.8709411621094
United Kingdom,2020,-10.047896637362,0.989486703772491,4.472,80.331756097561,69.4076614379883
Georgia,2020,-6.2904717853839,5.2024648897534,11.734,73.509,71.8064531290391
Ghana,2020,0.513941670628171,9.88728956269944,3.178,64.309,18.6139938594155
Greece,2020,-9.19623149726978,-1.24798355581405,15.899,81.2878048780488,143.693344116211
"Hong Kong SAR, China",2020,-6.54480412699255,0.2509620210808,5.808,85.4963414634146,89.9479038224414
Croatia,2020,-8.31086401501189,0.154811374562106,7.389,77.5243902439024,74.738037109375
Hungary,2020,-4.33872540024058,3.32674385766738,4.248,75.419512195122,56.6071815490723
Indonesia,2020,-2.06551182934165,1.91983527270793,4.255,68.817,38.1650601406923
India,2020,-5.77772470686801,6.62343677628535,7.859,70.156,29.8196397708424
Ireland,2020,7.15369505735335,-0.326183651280033,5.623,82.4560975609756,74.1961975097656
"Iran, Islamic Rep.",2020,4.44180865358672,30.5941390387295,9.687,74.141,55.6366691589355
Iceland,2020,-6.64587816297836,2.84792401518665,5.478,83.0634146341463,74.5906066894531
Israel,2020,-2.02161548237589,-0.575254620897756,4.169,82.6487804878049,57.633861541748
Italy,2020,-8.86822122185345,-0.13770757391651,9.192,82.1951219512195,68.7231063842773
Jordan,2020,-1.10275188309046,0.333294350628378,19.213,75.583,30.2879665605319
Japan,2020,-4.16876457146743,-0.024995834027731,2.809,84.56,62.2987403869629
Kazakhstan,2020,-2.49999999628,6.71815454861458,4.89,71.195,62.2921373672319
Kyrgyz Republic,2020,-7.14897757727955,6.32542296338078,5.945,71.8,45.3327840830343
Cambodia,2020,-3.55572193406549,2.9402951426397,0.172,70.059,13.8767573747135
"Korea, Rep.",2020,-0.700242317542106,0.537288023411737,3.931,83.4268292682927,96.8767700195312
Kuwait,2020,-4.81731593381585,2.101729548274,3.489,78.7609756097561,53.731878917367
Lao PDR,2020,0.503031829018681,5.10407262959919,2.349,68.339,12.561911777868
Lebanon,2020,-21.3998996914321,84.8643330472041,13.252,76.299,51.5677337643942
St. Lucia,2020,-24.3614732129122,-1.75580833517594,25.224,72.308,16.8199691772461
Sri Lanka,2020,-4.62451503749502,6.15394508391738,5.364,76.928,20.1614879343022
Lithuania,2020,0.0428158336981426,1.19989444983569,8.487,75.0292682926829,73.5892868041992
Luxembourg,2020,-0.510051634039826,0.819957302127036,6.766,82.1439024390244,19.961389541626
Latvia,2020,-3.46922750780554,0.219064904841985,8.098,75.1853658536585,94.5108337402344
"Macao SAR, China",2020,-54.4020925789353,0.811410511491512,2.542,84.1292682926829,86.7956730769231
Morocco,2020,-7.17820744246774,0.705968661338261,11.189,73.133,39.6858047574445
Moldova,2020,-8.27597831976949,3.76597122245351,1.206,69.914,56.2498196612517
Madagascar,2020,-7.13767162064489,4.20179312190557,3.292,62.706,5.17336117275841
Maldives,2020,-32.9088287752921,-1.36977425569811,5.42,78.713,27.0805812417437
Mexico,2020,-8.35403458167995,3.39683415570006,4.44,70.449,45.1654510498047
North Macedonia,2020,-4.68845000956652,1.20007348888469,16.575,74.3951219512195,43.782169342041
Malta,2020,-3.45728276294712,0.638544956776712,4.856,82.0975609756098,61.4767112731934
Montenegro,2020,-14.9926187023533,-0.255655699848551,17.878,75.9317073170732,58.0944709777832
Mongolia,2020,-4.55775197583431,3.7237230614026,6.413,71.3490243902439,66.2557467107749
Mauritania,2020,-0.360657384151068,2.3856948845632,11.051,66.794,5.97194330025359
Mauritius,2020,-14.5465381490166,2.5808007718283,8.626,74.1770731707317,42.5378418595105
Malawi,2020,0.793596429787286,8.62551469650552,5.72,65.216,2.40217380732134
Malaysia,2020,-5.45684658426701,-1.1387021539305,4.54,76.057,39.7445667367633
Namibia,2020,-8.10140201443319,2.20938236933469,21.003,64.071,25.9870484145026
Netherlands,2020,-3.86795333823223,1.27246037789161,3.82,81.3585365853659,85.3370819091797
Norway,2020,-1.27817177234034,1.28658490707996,4.424,83.209756097561,87.1685333251953
Nepal,2020,-2.3696206292072,5.05635826238499,13.037,69.106,14.2002391888535
New Zealand,2020,-0.307246896026541,1.71456170007245,4.595,82.2560975609756,75.7348327636719
Oman,2020,-3.37972052697999,-0.40640291946585,2.94,77.763,48.3754397440909
Pakistan,2020,-1.27408744338709,9.74011619320125,5.994,65.701,11.7245978752314
Panama,2020,-17.8212299459324,-1.5502754080376,14.663,76.33,44.9372948646286
Philippines,2020,-9.51829474045297,2.3931623931624,2.522,70.097,31.6317598507085
Poland,2020,-2.03556882399977,3.37446972618589,3.155,76.4,70.9730377197266
Portugal,2020,-8.20463159324387,-0.0124383299575305,6.85,81.3292682926829,68.1568908691406
West Bank and Gaza,2020,-11.3184661065134,-0.735332001092191,25.895,74.998,45.3895360497376
Qatar,2020,-3.55750284254954,-2.5403150300476,0.14,80.409,23.7649212314763
Romania,2020,-3.59802546034757,2.63107311184743,5.035,74.2536585365854,53.4911117553711
Russian Federation,2020,-2.65365450102773,3.38219796948068,5.62,71.3387804878049,57.2232854739754
Rwanda,2020,-3.37368746369782,9.85039902274207,11.829,66.953,7.56709586345553
Saudi Arabia,2020,-3.80478901996312,3.37234961012303,7.66,77.596,73.7510866368859
Senegal,2020,1.3420737726679,2.54314685681662,3.432,67.496,13.3136624860931
Singapore,2020,-3.81470885510713,-0.172111865925382,4.1,83.5439024390244,93.134767179468
El Salvador,2020,-7.893101359867,-0.371590212324095,5.008,70.244,30.9986370324013
Serbia,2020,-0.950023991851594,1.57553290083415,9.011,74.4780487804878,68.1431121826172
Suriname,2020,-15.9751917148622,34.889784309078,8.973,72.321,5.30574712643678
Slovak Republic,2020,-2.58551241733207,1.93694126694223,6.719,76.8658536585366,48.3790016174316
Slovenia,2020,-4.08500094942896,-0.05485681576061,4.971,80.5317073170732,75.8166809082031
Sweden,2020,-1.93379704032216,0.497367318853572,8.291,82.3560975609756,79.1196365356445
Chad,2020,-0.393646583111035,4.46414437232861,1.695,53.082,4.39665967267065
Togo,2020,2.16228657424364,1.69928463299399,2.231,61.14,14.9029897765252
Thailand,2020,-6.05003846851622,-0.845937147357041,1.099,77.331,42.5900878816865
Tonga,2020,1.80618735341196,-0.349737696727496,2.712,72.379,21.2782986508118
Tunisia,2020,-8.97512622934723,5.63415115897625,17.651,75.004,32.5181999206543
Turkiye,2020,1.80306247087255,12.2789574462574,13.148,76.525,118.883682250977
Tanzania,2020,1.99196460647855,3.29029062798325,1.792,66.771,7.18188265775187
Ukraine,2020,-3.75281793983162,2.73249209419427,9.475,73.283,82.1345992180731
Uruguay,2020,-7.35732706484723,9.75640636078194,10.413,78.381,64.9332150107214
United States,2020,-2.16302914036166,1.23358439630629,8.055,76.9804878048781,87.5676574707031
Uzbekistan,2020,1.56334277260515,12.8677297362606,5.293,71.461,15.9720957084892
St. Vincent and the Grenadines,2020,-4.26892434422649,-0.628131309354654,20.635,69.605,33.6692278624512
Samoa,2020,-3.10864485863991,-1.56891247740895,7.467,70.727,17.3303454643177
South Africa,2020,-6.1689177146757,3.23238831615113,29.217,65.15,22.6148742572009
Africa Eastern and Southern,2021,4.57877206871177,6.82472709282067,8.40741154700022,62.9799991857494,8.66186046600342
Africa Western and Central,2021,2.54969083217036,3.74556782333009,4.66663403105227,57.3627361321845,10.1902599334717
Albania,2021,8.96957619074095,2.04147163139544,11.474,76.844,59.9698690125562
United Arab Emirates,2021,4.55278571242283,0.179935336174431,3.105,79.083,56.4520334436146
Argentina,2021,10.4418119882506,48.4093786255199,8.736,73.948,107.219557633976
Armenia,2021,5.80000000065645,7.1848362944337,15.469,72.2780487804878,56.6235144830279
Australia,2021,2.00694844335034,2.86391284709318,5.022,83.3,112.688293457031
Austria,2021,4.92309171717903,2.7666666666667,6.459,81.190243902439,93.940071105957
Azerbaijan,2021,5.61644027150554,6.65029912708778,6.04,70.999,39.0095977224788
Belgium,2021,6.25445686466593,2.44024851144084,6.248,81.790243902439,82.6882019042969
Benin,2021,7.1554516457574,1.73353962694035,1.833,59.61,9.82796955108643
Burkina Faso,2021,6.94252492572348,3.65326761825508,4.511,60.046,9.30513098594236
Bangladesh,2021,6.93867912442445,5.54565430773473,5.457,71.103,23.9006822335243
Bulgaria,2021,7.82817232822165,3.29774435299506,5.166,71.2121951219512,85.3017501831055
Bahrain,2021,4.35004091668986,-0.60631938514085,1.548,78.083,47.5015525503536
Bosnia and Herzegovina,2021,7.39164256472846,1.98163900587622,14.897,74.567,45.0589485168457
Belarus,2021,2.43886210234947,9.46028389623105,3.9,72.0714634146342,78.6027133367864
Belize,2021,17.9899244143607,3.2356365923707,10.302,70.917,23.6813942822198
Brazil,2021,4.7626043797061,8.30165975585673,13.158,73.038,57.6311988830566
Brunei Darussalam,2021,-1.59076260099606,1.73341388450593,4.905,74.869,27.4258937503291
Bhutan,2021,4.42136738945015,7.3468144053353,4.803,72.448,14.7382447141292
Botswana,2021,11.9162724376008,7.24097765588442,23.106,63.303,21.2032904951187
Canada,2021,5.95052802804381,3.39519318527527,7.527,81.4514634146342,79.7657318115234
Switzerland,2021,5.55962020605844,0.581814168489855,5.013,83.7512195121951,71.893928527832
Chile,2021,11.3149204879049,4.52456838259143,9.281,78.876,96.2227935791016
China,2021,8.57008513166322,0.981015135544881,4.55,78.117,66.8186077597542
Cote d'Ivoire,2021,7.06332910205232,4.15919657911797,2.623,60.29,10.7725833415282
Cameroon,2021,3.33885747179505,2.27185762503637,3.976,61.146,17.1581831920239
Colombia,2021,10.8011981904878,3.49505757399448,13.898,72.698,58.3159217834473
Cyprus,2021,11.3975590801512,2.44608867175474,7.513,80.573,106.362930297852
Czechia,2021,4.02901832055149,3.83984491500146,2.803,77.2219512195122,69.8369293212891
Germany,2021,3.90999994204108,3.06666666666673,3.594,80.790243902439,75.6655426025391
Denmark,2021,6.50025445756295,1.85304543989689,5.065,81.4048780487805,83.982292175293
Dominican Republic,2021,14.0124289062207,8.24300347981809,7.702,71.757,56.4690832383051
Algeria,2021,3.79999999900707,7.22606307415477,13.656,75.208,54.2222597146723
"Egypt, Arab Rep.",2021,3.29064601202211,5.21404940513042,7.441,68.976,35.1185317783157
Spain,2021,6.68314420473001,3.09313511976419,14.914,83.1780487804878,95.3768997192383
Estonia,2021,8.25488044580031,4.65316673847472,6.178,76.9439024390244,73.1502075195312
Finland,2021,2.67634641498897,2.19457432340007,7.617,81.8853658536585,100.868072509766
Fiji,2021,-4.3459619989752,1.53454853751591,5.225,64.904,76.7030156165859
France,2021,6.88233783360239,1.64233141038393,7.871,82.3243902439024,69.9397888183594
United Kingdom,2021,8.5431118453255,2.51837109614213,4.864,80.6473170731707,76.7543563842773
Georgia,2021,10.6442336580969,9.56691433824769,11.785,71.635,77.2303110681266
Ghana,2021,5.07646643533542,9.9710886750444,3.2,64.286,19.2005186528071
Greece,2021,8.65449786002131,1.22382501019854,14.656,80.0829268292683,150.605484008789
"Hong Kong SAR, China",2021,6.45444409087024,1.56875834445922,5.174,85.5326829268293,97.3813269493844
Croatia,2021,12.6322190351024,2.55450699642041,7.483,76.4243902439025,78.0067901611328
Hungary,2021,7.22291580811137,5.11096534382855,4.021,74.0658536585366,58.6536102294922
Indonesia,2021,3.70288562827751,1.56007882983334,3.827,67.452,40.6293239880732
India,2021,9.68959249192875,5.13140747176369,6.38,67.282,31.5741765984501
Ireland,2021,16.2581881158197,2.34034113447044,6.357,82.2536585365854,78.4613265991211
"Iran, Islamic Rep.",2021,4.13089685034471,43.3890162681514,9.282,73.752,54.3051986694336
Iceland,2021,5.1805719742238,4.44423970189739,6.029,83.1658536585366,86.5232086181641
Israel,2021,9.38837403354628,1.47965474722561,4.812,82.5,60.2585487365723
Italy,2021,8.93106210800055,1.87378325762481,9.497,82.6463414634146,71.2745208740234
Jordan,2021,3.65564358999147,1.34609377243118,19.837,74.204,30.451314266821
Japan,2021,2.69657404187188,-0.233352779398264,2.808,84.4456097560976,62.0412483215332
Kazakhstan,2021,4.29999999729456,8.04147134028401,5.568,70.131,59.3849415869809
Kyrgyz Republic,2021,5.50700762671923,11.9050398185147,5.149,71.9,51.6239256637785
Cambodia,2021,3.08984284148661,2.92073477592949,0.396,69.301,13.5005634857238
"Korea, Rep.",2021,4.61296795454287,2.49833333333339,3.639,83.5268292682927,100.359878540039
Kuwait,2021,1.67213054307859,3.42362947609188,2.97,78.7365853658537,51.8967176944636
Lao PDR,2021,2.52835100486102,3.75562036658877,2.08,67.807,12.4396649191011
Lebanon,2021,-7.00123862514116,154.756096023393,12.715,73.65,56.8657861418168
Sri Lanka,2021,4.2074764951157,7.01478071238195,4.981,76.278,20.7824292013914
Lithuania,2021,6.38001606179873,4.68354420903453,7.112,74.0365853658537,75.0314712524414
Luxembourg,2021,6.9297342584233,2.52692009066166,5.571,82.5975609756098,20.7341499328613
Latvia,2021,6.94254173062592,3.27582937431165,7.513,72.9804878048781,93.4839324951172
"Macao SAR, China",2021,22.4622020023362,0.0264543647055504,2.221,83.7292682926829,98.9696202531646
Morocco,2021,8.15473889823681,1.40195883962006,10.551,73.385,42.531967383806
Moldova,2021,13.9299997889786,5.10641129002835,0.794,68.991,61.3014036981023
Madagascar,2021,4.65068343174309,5.81225118787715,3.498,62.516,5.3135678666922
Maldives,2021,37.507870124321,0.543149688737013,5.016,78.052,23.794640430505
Mexico,2021,6.0484834621255,5.68920847683753,4.019,69.75,45.6506195068359
North Macedonia,2021,4.51067949038222,3.23074912132928,15.801,73.2463414634146,44.3020210266113
Malta,2021,13.4117042939322,1.49789217934724,3.754,82.2585365853659,70.2313537597656
Montenegro,2021,13.0462607426359,2.41080198403165,16.543,73.8243902439024,57.9613914489746
Mongolia,2021,1.63676957736662,7.35894657888155,7.871,71.6451219512195,67.4261046440448
Mauritius,2021,3.40379866177662,4.02852888157376,7.719,73.680243902439,43.9577226373808
Malawi,2021,4.55829212016083,9.33014410835212,5.652,64.782,2.39798041885226
Malaysia,2021,3.31534954399166,2.47710241465447,4.64,73.917,38.1899993008367
Namibia,2021,3.60382919248703,3.61690530108814,20.931,60.85,26.6057345682932
Netherlands,2021,6.2768306708326,2.67572008805385,4.209,81.309756097561,89.3898620605469
Norway,2021,3.90868676830634,3.48388055266669,4.359,83.1634146341463,93.9243011474609
Nepal,2021,4.838149614115,4.12676744440695,12.241,68.385,15.243139284484
New Zealand,2021,4.53540565716095,3.94112060778728,3.776,82.2073170731707,79.4128875732422
Oman,2021,2.5821749892893,1.68221185876085,1.9,75.969,43.8433613964625
Pakistan,2021,6.51388575852702,9.49641577285205,6.338,65.773,12.3810012807012
Panama,2021,16.4671248604202,1.63070337301898,10.177,77.004,52.7147829654218
Philippines,2021,5.71473313185116,3.92718022100332,3.398,66.675,33.6166173848126
Poland,2021,6.92718266052501,5.05502704719272,3.268,75.3512195121951,72.2060623168945
Portugal,2021,5.55875672070374,1.26565719069044,6.712,81.3780487804878,72.5122375488281
West Bank and Gaza,2021,7.01198227592003,1.23748102831369,26.39,73.89,44.2081176768623
Qatar,2021,1.62693587314129,2.30446565742003,0.14,81.083,31.2813974439236
Romania,2021,5.58735072538869,5.05232876096582,5.59,72.809756097561,55.2656097412109
Russian Federation,2021,5.86649177292595,6.69445891957612,4.749,69.900243902439,54.9542479280814
Saudi Arabia,2021,6.51959698325419,3.06328988941548,6.621,77.089,74.3924865722656
Senegal,2021,6.54400109964304,2.18032278088147,3.436,66.868,14.6823561354842
Singapore,2021,9.7568044629903,2.31610315765146,4.64,83.0926829268293,97.0989103061521
El Salvador,2021,11.9047617015957,3.46692585313082,4.327,69.941,30.3043325211094
Serbia,2021,7.94905650472278,4.08510285335102,9.843,72.780487804878,69.1800231933594
Suriname,2021,-2.43538583612838,59.1196626251977,8.706,68.943,8.45416298008342
Slovak Republic,2021,5.6558588065555,3.14960629921268,6.894,74.6146341463415,50.7342491149902
Slovenia,2021,8.41686457725321,1.91706506089259,4.744,80.6756097560976,82.2400436401367
Sweden,2021,5.2258643028773,2.16319736447143,8.803,83.0560975609756,85.9426193237305
Thailand,2021,1.55216608426647,1.23039541318384,1.215,77.606,43.4690405127808
Tunisia,2021,4.73603648206102,5.706350208307,16.632,72.893,33.2740287780762
Turkiye,2021,11.811094450607,19.5964926913324,11.969,75.722,125.763786315918
Tanzania,2021,4.32138429480482,3.69091958802199,1.876,66.131,3.59164319762461
Ukraine,2021,3.44562065945944,9.36313917695223,9.834,71.631,75.9079435107907
Uruguay,2021,5.84427312558179,7.74791402314762,9.328,75.434,75.1713873701582
United States,2021,6.05505293244555,4.69785886363742,5.349,76.3292682926829,84.8550872802734
Uzbekistan,2021,8.03468312640049,10.8492397508122,5.364,71.681,22.0939011675309
St. Vincent and the Grenadines,2021,2.09340124465459,1.57272932500558,20.356,69.132,35.7032258064516
Viet Nam,2021,2.55372852648131,1.83471554810444,2.383,74.145,41.9554971195048
Samoa,2021,-5.04350521486909,3.13320473174494,6.664,71.096,19.1409681560724
South Africa,2021,4.85864865060148,4.61874544887136,34.007,62.01,22.3431289991291
Albania,2022,4.8268006234359,6.72520271530059,10.785,78.769,62.647921513098
United Arab Emirates,2022,7.51448425801082,5.29122604376849,2.872,80.487,60.4188226013954
Argentina,2022,6.02074537534855,72.430757531824,6.805,75.806,107.103901423423
Armenia,2022,12.5999999997766,8.64091108973854,13.451,74.7658536585366,57.1818422625098
Australia,2022,4.25304559238732,6.59409658717841,3.728,83.2,106.240760803223
Austria,2022,5.33096379400371,8.54686993188457,4.992,81.2951219512195,94.5116882324219
Azerbaijan,2022,4.71468033247649,13.8522590144267,5.65,74.125,41.0017793895325
Belgium,2022,3.9562379757933,9.597511728725,5.57,81.7487804878049,83.5736465454102
Benin,2022,6.25294705373625,1.35077863583527,1.685,60.475,10.2350101470947
Burkina Faso,2022,1.62673258211919,14.2902354303358,3.828,60.7,9.67069485831779
Bangladesh,2022,7.09982877575158,7.69695437176898,4.593,74.265,23.5005059888653
Bulgaria,2022,4.0838640915123,15.3252589264367,4.148,74.1609756097561,84.1293563842773
Bahrain,2022,6.18016125475185,3.62574104304482,1.265,80.992,50.3073760962771
Bosnia and Herzegovina,2022,4.22681333390325,14.0208440826771,12.657,76.777,45.6063499450684
Belarus,2022,-4.65839591328999,15.2096752740809,3.574,74.1033658536585,77.0977334087936
Belize,2022,9.25051329530994,6.27689319447543,8.682,72.19,23.9767727412258
Brazil,2022,3.01669435408112,9.28010608956872,9.231,74.872,61.0000915527344
Brunei Darussalam,2022,-1.62833154515108,3.68225030604215,5.191,72.917,31.1925368707703
Bhutan,2022,5.21386783786224,5.6391667139637,5.947,72.754,14.5780698560857
Botswana,2022,5.48601706446772,11.665567478802,23.615,68.749,20.7095613715302
Canada,2022,4.18903628100851,6.80280115341612,5.279,81.0948780487805,78.8488311767578
Switzerland,2022,3.04406102969423,2.83502798644451,4.122,83.6048780487805,74.1526794433594
Chile,2022,2.15399356192458,11.6438667110559,8.249,79.176,99.3372802734375
China,2022,3.1341888719577,1.9735755573905,4.98,78.202,71.5799465086024
Cote d'Ivoire,2022,6.39988362720531,5.23352856100842,2.31,61.562,11.1134926507622
Cameroon,2022,3.7367840056412,6.24767713343861,3.646,62.443,16.4371527754335
Colombia,2022,7.32827729427979,10.1772313546166,10.541,76.508,59.2901382446289
Cyprus,2022,8.27372597293814,8.39548297993334,6.806,80.434,105.384979248047
Czechia,2022,2.8471706583814,15.100165146837,2.224,78.9292682926829,70.8145904541016
Germany,2022,1.8092581243061,6.87257438551096,3.137,80.6080487804878,77.3656997680664
Denmark,2022,0.443832614908331,7.69656699889259,4.434,81.3048780487805,84.5866088867188
Dominican Republic,2022,5.23795652902595,8.81109209279587,5.504,74.211,55.1665311527454
Algeria,2022,3.60000000094915,9.26551551551552,12.382,76.129,53.3875786756
Ecuador,2022,5.86842354862311,3.46616972213076,3.713,76.577,59.879782344866
"Egypt, Arab Rep.",2022,6.58784560886967,13.8956609775177,6.546,71.01,36.462230682373
Spain,2022,6.37031712129601,8.39057634118626,13.033,83.1341463414634,95.0271606445312
Estonia,2022,-1.22616966587796,19.3982634080616,5.571,77.8439024390244,71.4251937866211
Finland,2022,0.763041912763526,7.12350773301402,6.719,81.1878048780488,104.944221496582
Fiji,2022,17.7451269773594,6.07882431529724,5.403,67.148,68.7794855157684
France,2022,2.71676264185913,5.22236748369725,7.303,82.1292682926829,71.5107269287109
United Kingdom,2022,5.14970388522993,7.92204883147902,3.768,81.0112195121951,79.7695083618164
Georgia,2022,10.9585321385624,11.8981654203198,11.621,74.141,79.3253367493498
Ghana,2022,3.80484980952164,31.2558951049016,2.87,65.246,20.44559258931
Greece,2022,5.52198580589408,9.64525981280642,12.426,80.7878048780488,166.389556884766
"Hong Kong SAR, China",2022,-3.68378414495199,1.88136707196853,4.318,83.6609756097561,100.776315789474
Croatia,2022,7.29445343642668,10.7805806758686,6.811,77.5756097560976,80.7626724243164
Hungary,2022,4.15238057779229,14.6081439492433,3.583,75.8682926829268,60.2746810913086
Indonesia,2022,5.30719722664799,4.20946463714784,3.462,70.925,42.3260385456152
India,2022,7.60936497768895,6.69903414079852,4.822,71.698,32.6703053423023
Ireland,2022,7.51113888415304,7.82945736434105,4.465,82.509756097561,77.5933380126953
"Iran, Islamic Rep.",2022,4.35281087521344,43.4884641742179,9.085,76.799,58.6838607788086
Iceland,2022,8.82069395623492,8.3087551155892,3.789,82.119512195122,84.985237121582
Israel,2022,6.26326343841286,4.41162725488371,3.695,82.7,58.9500617980957
Italy,2022,4.82117669913565,8.20128991161718,8.069,82.7,73.8962097167969
Jordan,2022,2.64743514912058,4.22915568897117,18.2,77.088,32.5119829829151
Japan,2022,0.941998775483285,2.49770278172255,2.614,83.9963414634146,63.3752288818359
Kazakhstan,2022,3.19999999970734,15.0278644440851,4.86,73.503,57.2459264222925
Kyrgyz Republic,2022,8.96750520041391,13.9229093174176,4.767,72.0487804878049,54.2184527097527
Cambodia,2022,5.12990110773977,5.34370264895437,0.245,70.528,14.6069513022825
"Korea, Rep.",2022,2.72756456708991,5.08951365062842,2.857,82.6804878048781,102.813056945801
Lao PDR,2022,2.70742652643155,22.9562225132056,1.209,68.715,13.677811550152
Lebanon,2022,-0.621678970663112,171.205491336641,11.105,78.003,58.1761149059991
St. Lucia,2022,20.3884431828414,6.37814695133351,15.934,72.67,16.1808795928955
Sri Lanka,2022,-7.34919301306745,49.7211021114327,4.528,77.3,22.3679922774735
Lithuania,2022,2.53752574011534,19.7050461518394,5.955,75.6439024390244,76.9154586791992
Luxembourg,2022,-1.0974168968152,6.33600807777919,4.588,82.9463414634147,21.032600402832
Latvia,2022,1.90853419029801,17.3102830198815,6.815,74.2780487804878,91.3303680419922
"Macao SAR, China",2022,-18.956941494497,1.04502802369954,2.446,83.0804878048781,116.232189973615
Morocco,2022,1.81269242194809,6.65704202759067,9.413,75.161,45.9400219155138
Moldova,2022,-4.6000000255323,28.7372976766235,0.909,71.546,68.0572346521372
Madagascar,2022,4.15609778386296,8.16059031991844,3.186,63.068,5.87562673022926
Maldives,2022,13.8260895184139,2.33314337624567,4.303,80.76,48.4968654322788
Mexico,2022,3.70975709163623,7.8962761916855,3.256,73.973,46.4061317443848
North Macedonia,2022,2.75888415332967,14.2047173195833,14.476,74.4248780487805,53.1601181030273
Malta,2022,2.48309993837792,6.15375621933037,3.471,82.2975609756098,74.5901336669922
Montenegro,2022,7.73954689516201,13.0403036347004,14.851,76.1878048780488,57.4317893981934
Mongolia,2022,5.0327096366527,15.1509728200805,5.954,71.9007317073171,67.6998728025335
Mauritius,2022,8.69306675264066,10.7737512242899,6.322,73.5146341463415,44.2026816403629
Malawi,2022,0.921115069005936,20.953969729969,5.02,66.037,2.70813684546823
Malaysia,2022,9.03173723044451,3.37869862549928,3.93,75.444,36.9853099297291
Namibia,2022,5.3987247803654,6.08128114112413,19.615,64.19,26.1092654658031
Norway,2022,3.24622860260932,5.76412317852272,3.231,82.509756097561,97.6419830322266
Nepal,2022,5.6313145568451,7.6702057938028,10.661,70.087,14.8435874359729
New Zealand,2022,3.49638686458842,7.17222476016441,3.299,81.9585365853658,77.0104675292969
Pakistan,2022,4.7781068690358,19.8738599646655,5.291,67.417,10.5057175294292
Panama,2022,11.0385475261766,2.85965128834711,8.086,79.324,57.8162831217614
Philippines,2022,7.58098212785563,5.82115811213955,2.598,69.472,38.4011392706768
Poland,2022,5.25545697386036,14.4294507575758,2.811,77.1560975609756,75.2911071777344
Portugal,2022,6.98584137580278,7.83269124233323,6.138,81.6317073170732,75.0714797973633
West Bank and Gaza,2022,4.08276027347105,3.74122391852077,24.42,76.662,45.7982801281791
Qatar,2022,4.18497018544697,4.99527553740761,0.13,81.857,35.0854901088778
Romania,2022,4.18771305104109,13.7954887432521,5.614,75.1536585365854,58.2390403747559
Russian Federation,2022,-1.43588213859842,13.7436797398232,3.867,72.5456097560976,53.9151941239211
Rwanda,2022,8.16120720872912,17.6892095588153,15.084,67.528,7.41325884733851
Saudi Arabia,2022,12.0005874752929,2.47407371925372,5.589,77.31,73.7492065429688
Senegal,2022,3.85043193735768,9.69681899081073,2.837,67.788,15.6478973478986
Singapore,2022,4.10800021897151,6.13095418919732,3.591,82.8951219512195,98.02222650098
El Salvador,2022,2.95461516549889,7.19861615609867,2.999,71.969,31.4538910186841
Serbia,2022,2.70347705543654,11.9815117344703,8.439,75.2365853658537,69.8046798706055
Suriname,2022,2.40622235601218,52.446027276241,7.973,73.254,5.02487384130847
Slovak Republic,2022,0.544591632137454,12.7741463637611,6.143,76.9658536585366,52.4959106445312
Slovenia,2022,2.66850555542486,8.83369886749452,4.011,81.2829268292683,82.3922576904297
Sweden,2022,1.25543620445816,8.36929098869189,7.417,83.0585365853659,83.8976135253906
Thailand,2022,2.58037874709827,-1.61068030486688,0.94,75.291,43.29484965617
Tunisia,2022,2.75228761004381,8.30646124447623,15.3,76.05,37.1276893615723
Turkiye,2022,5.44122511322401,72.3088359891207,10.465,77.591,127.577972412109
Tanzania,2022,4.56600576430955,4.35027204269101,1.573,66.879,5.32159018874409
Uruguay,2022,4.48622703072073,9.10437983075437,7.877,76.468,76.3977408357972
United States,2022,2.51237531986017,8.00279982052121,3.65,77.4341463414634,79.361930847168
Uzbekistan,2022,6.00134232203442,11.4466436998836,4.456,72.147,31.701936179599
St. Vincent and the Grenadines,2022,3.1108330034352,5.66009779226552,19.277,71.191,41.4983277591973
Viet Nam,2022,8.53750046755788,3.15650749963129,1.57,74.502,44.7536854027422
Samoa,2022,2.26705055249026,10.9618822286844,5.048,71.55,18.5508413272527
South Africa,2022,2.05813661692193,7.03987272546482,33.268,65.454,23.7271036201865
Angola,2023,1.26330814020108,13.6441017767714,14.051,64.617,10.04935810264
Albania,2023,4.01541716935742,4.75834555150038,10.669,79.602,64.7293520237257
United Arab Emirates,2023,4.30118228020602,1.62670837213248,2.151,82.909,61.3456114422447
Argentina,2023,-1.85578803046339,133.488935594175,6.139,77.395,107.822574129434
Armenia,2023,8.29999999959539,1.98041877615553,12.405,77.4658536585366,56.2770051010456
Australia,2023,3.58382100798981,5.59701792296707,3.668,83.0512195121951,104.64835357666
Austria,2023,-0.786244288594673,7.81413417002831,5.264,81.7926829268293,91.6818237304688
Azerbaijan,2023,1.35447749115767,8.7854304984908,5.64,74.429,41.3907560278377
Burundi,2023,3.254768974261,26.9414835762453,0.911,63.651,6.02545976638794
Belgium,2023,1.71412195515242,4.04901077613941,5.547,82.4,82.1475601196289
Burkina Faso,2023,3.00027415814125,0.742910428668917,3.601,61.092,10.1078755635882
Bangladesh,2023,5.77511237007889,9.8835030377921,3.352,74.672,24.2003442708621
Bulgaria,2023,1.68151074972904,9.44284140088564,4.319,75.7560975609756,79.8532333374023
Bahrain,2023,3.87811614845566,0.0746206782192255,1.049,81.284,57.0562240948353
Bosnia and Herzegovina,2023,1.99439414850893,6.1059011284828,10.668,77.85,45.5027618408203
Belarus,2023,4.12654007153881,5.00059903091312,3.461,74.1837804878049,72.8250212584046
Belize,2023,0.500127941638667,4.38984017487674,8.278,73.566,22.3734089825019
Barbados,2023,2.914357359625,3.18718905472631,6.54,76.178,54.2600399378744
Brunei Darussalam,2023,1.12764418162719,0.35706431153689,5.296,75.327,36.4182725443167
Bhutan,2023,4.63215704523927,4.22934419929251,3.126,72.975,15.0074996948242
Botswana,2023,3.20806812224438,5.06761549343829,23.381,69.163,20.5658232475186
Canada,2023,1.52874550838358,3.87900159788425,5.415,81.6263414634146,76.2666931152344
Switzerland,2023,0.683328174376044,2.13540088016386,4.043,84.1560975609756,74.0060882568359
Chile,2023,0.521367977246825,7.58168251407962,9.013,81.167,104.734062194824
China,2023,5.41484330099675,0.23483682889305,4.67,77.953,74.5933014618366
Cote d'Ivoire,2023,6.60000045223954,4.36972254867474,2.263,61.944,11.5724272130065
Cameroon,2023,3.34756290750219,7.38281384280983,3.607,63.7,16.0404395184936
"Congo, Rep.",2023,1.90686426346754,4.30174563591016,19.919,65.772,10.3812103271484
Cyprus,2023,3.61945644636856,3.54134188751663,5.835,81.648,107.26212310791
Czechia,2023,0.0475803308973752,10.6612601372427,2.579,79.8268292682927,66.7282867431641
Germany,2023,-0.869647578573321,5.94643667725823,3.071,81.0414634146342,78.5947494506836
Denmark,2023,0.604587766175584,3.30517811237605,5.094,81.7536585365854,81.2308197021484
Dominican Republic,2023,2.19229848237939,4.78561281021135,5.555,73.72,58.2428049803824
Algeria,2023,4.10000000005964,9.32217375928322,11.645,76.261,55.5320185816789
Ecuador,2023,1.98823813984235,2.21568764237058,3.51,77.392,67.8851161961618
"Egypt, Arab Rep.",2023,3.76028052279247,33.8847763115546,6.753,71.633,37.9005584716797
Spain,2023,2.46085796805582,3.53236133492432,12.179,83.9341463414634,93.7303466796875
Estonia,2023,-2.74421914571231,9.15922507983982,6.378,78.7926829268293,67.6179275512695
Finland,2023,-0.939093459613758,6.25064322154762,7.149,81.5853658536585,108.130409240723
Fiji,2023,9.44245856738313,2.97544080604538,5.316,67.316,60.9679066767014
France,2023,1.43921494437743,4.8783572650844,7.335,82.8317073170732,70.4536437988281
United Kingdom,2023,0.271650048355255,6.79396706793963,4.025,81.2380975609756,80.4146499633789
Georgia,2023,7.83220126555726,2.48776056578715,11.549,74.496,78.2652247393707
Ghana,2023,3.14009099763754,38.1069656296501,2.829,65.498,22.0958254757285
Greece,2023,2.13591131996631,3.46480128513405,11.023,81.7365853658537,165.113418579102
Guatemala,2023,3.5331575177533,6.20657592272126,2.344,72.602,27.2948879201171
Guyana,2023,33.795011115873,2.82110335099641,11.917,70.18,25.1520757996244
"Hong Kong SAR, China",2023,3.2238599613664,2.09660511249089,2.949,85.2473170731707,105.461738484398
Croatia,2023,3.76164540703459,7.9412817758683,6.121,78.4731707317073,81.1775207519531
Hungary,2023,-0.817107370513455,17.1249659678737,4.096,76.5707317073171,56.5924415588379
Indonesia,2023,5.04902331835997,3.66938654859761,3.308,71.146,44.8813034886441
India,2023,9.19075493028345,5.64914318907925,4.172,72.003,34.2394344991225
Iceland,2023,5.18615760140189,8.73630299937298,3.518,82.4560975609756,76.5200729370117
Israel,2023,1.82652049482384,4.22522603168918,3.371,83.1951219512195,57.143440246582
Italy,2023,0.975694840127005,5.62219442195901,7.627,83.3512195121951,75.9496536254883
Jordan,2023,2.88408339281683,2.08486986327134,16.62,77.814,33.0567036969523
Japan,2023,1.47503481053384,3.26813365933163,2.6,84.0412195121951,64.4907608032227
Kazakhstan,2023,5.09999999973641,14.5275597825952,4.835,74.402,54.6563982045582
Kenya,2023,5.71999241214208,7.67139634029402,5.409,63.646,8.67676730066979
Kyrgyz Republic,2023,9.0132928339342,10.7532770416742,3.498,72.2487804878049,53.588822099772
Cambodia,2023,5.00733043811898,2.12746796594194,0.256,70.668,17.4362364390629
"Korea, Rep.",2023,1.58301467403629,3.5974562502901,2.675,83.4292682926829,106.709167480469
Lao PDR,2023,3.74568140158232,31.2301341732646,1.186,68.964,14.8841695785522
Lebanon,2023,-0.760584470257314,221.341644023365,10.985,77.817,54.4012561547071
St. Lucia,2023,2.20988276526516,4.07060821926204,12.094,72.697,15.0396404266357
Sri Lanka,2023,-2.3298481898334,16.5411742279832,4.528,77.483,20.7412633848006
Lithuania,2023,0.342262716277261,9.11731962390475,6.841,77.290243902439,77.0064163208008
Luxembourg,2023,0.0994399943552651,3.74140361983136,5.184,83.309756097561,21.5371704101562
Latvia,2023,-0.941606068823631,8.9380462331663,6.465,75.4268292682927,85.7360610961914
"Macao SAR, China",2023,75.3084184293413,0.476384495788075,2.206,83.1804878048781,129.151041666667
Morocco,2023,3.65564411017931,6.09114152504141,8.896,75.313,47.4687039298036
Moldova,2023,1.2000000493378,13.4170104381299,1.57,71.198,71.1679028753075
Madagascar,2023,4.20304615840668,9.87432675044888,3.044,63.632,6.1466638463036
Mexico,2023,3.35354140652768,5.52796087314389,2.765,75.069,47.474681854248
North Macedonia,2023,2.554965253403,9.36187249769015,13.174,75.3160975609756,55.0082015991211
Malta,2023,10.6215185022616,5.09396758978883,3.479,83.3560975609756,80.5250091552734
Montenegro,2023,6.47836283518564,8.58476910455403,13.146,77.5878048780488,55.1743011474609
Mongolia,2023,7.4221127615025,10.347583131434,5.178,72.1224390243902,67.941399950927
Mauritius,2023,5.00791900868131,7.05298238454736,5.571,73.4121951219512,43.3386887794765
Malaysia,2023,3.5370638041057,2.48886560125754,3.858,76.657,37.2745812491757
Nicaragua,2023,4.42774384760374,8.38765854872536,4.698,74.947,30.3635101318359
Netherlands,2023,-0.598096167209832,3.83839354342808,3.535,81.8634146341464,86.5938262939453
Norway,2023,0.0721204806030329,5.51784987104659,3.574,83.0121951219512,95.0573806762695
Nepal,2023,1.98254843628392,7.11587261530826,10.437,70.354,19.0357612047581
New Zealand,2023,1.39425181563566,5.73316283034957,3.734,81.7585365853659,76.3811416625977
Pakistan,2023,-0.414935997088406,30.7681280657005,5.237,67.649,10.4770304814137
Panama,2023,7.16632946099945,1.48641355277038,6.544,79.594,53.6949637061742
Philippines,2023,5.51894967862863,5.97802515541409,2.2,69.833,44.2394203278519
Poland,2023,0.249610834017872,11.5289127961105,2.743,78.2585365853659,76.8794097900391
Portugal,2023,3.09997909018263,4.31128191898672,6.498,82.3292682926829,77.6778182983398
Qatar,2023,1.53979117720789,3.02764899198902,0.13,82.368,38.2058906555176
Romania,2023,2.25773416555121,10.3971874764996,5.589,76.4048780487805,55.1682891845703
Russian Federation,2023,4.08252481259281,5.86571931748967,3.076,73.2546341463415,93.7277679443359
Rwanda,2023,8.24990302014558,19.789546746467,12.352,67.785,8.88624308383425
Senegal,2023,4.2574308328029,5.93947798773215,2.784,68.683,16.0710053721835
Singapore,2023,1.82140694115385,4.83372362825798,3.444,83.0975609756098,97.2886546863037
El Salvador,2023,3.5391566928735,4.04554694222477,2.992,72.099,32.3802636612661
Serbia,2023,3.74793303561771,12.3719043552519,8.268,76.1414634146341,73.2060012817383
Suriname,2023,2.41659223498058,51.5873159600861,7.699,73.631,4.93785087797966
Slovak Republic,2023,2.11263633214959,10.5319476645211,5.843,78.119512195122,53.417610168457
Slovenia,2023,2.3758326648385,7.44687717385838,3.652,81.9292682926829,80.0806884765625
Sweden,2023,-0.204061304891439,8.5486248974891,7.611,83.309756097561,81.3998184204102
Thailand,2023,2.01775095328327,8.47805174421543,0.733,76.412,45.4407811172674
Timor-Leste,2023,-18.135905003556,8.42035103310377,1.525,67.689,30.9611108169641
Tonga,2023,2.79014366862668,6.35112980255189,1.652,72.895,42.8611738148984
Tunisia,2023,0.184015548469745,9.32899597507865,15.106,76.508,38.1219482421875
Turkiye,2023,5.04512369812289,53.8594087593315,9.388,77.156,105.88606262207
Tanzania,2023,5.06952353203394,3.79923291384916,1.565,66.995,5.16887784940301
Uruguay,2023,0.742128785315927,5.86910359896119,8.355,78.138,79.9536903496537
Uzbekistan,2023,6.29141635082311,9.95659071258018,4.434,72.388,45.7591768686293
Viet Nam,2023,5.06502391455075,3.25289282667662,1.645,74.588,32.8415128147815
Samoa,2023,15.2336106467304,7.92164684826777,4.92,71.698,14.6106638814429
South Africa,2023,0.80610455095804,6.0752438457966,32.098,66.139,23.493768799339
